host_elapsed_s,board_elapsed_s,temperature_c,duty_pct,adc_raw
0.281,8402.710,27.3125,0.000,59001.5
0.782,8402.916,27.3069,0.000,59002.9
0.782,8403.114,27.3045,0.000,59003.6
0.782,8403.320,27.3094,0.000,59002.3
1.282,8403.520,27.3086,0.000,59002.5
1.282,8403.728,27.3027,0.000,59004.0
1.798,8403.930,27.3195,0.000,58999.7
1.798,8404.130,27.3017,0.000,59004.3
1.798,8404.336,27.3069,0.000,59002.9
2.301,8404.536,27.3222,0.000,58999.0
2.301,8404.744,27.3016,0.000,59004.3
2.782,8404.944,27.3024,0.000,59004.1
2.782,8405.150,27.3066,0.000,59003.0
2.782,8405.350,27.3068,0.000,59003.0
3.282,8405.556,27.3184,0.000,59000.0
3.283,8405.760,27.3128,0.000,59001.4
3.782,8405.960,27.2970,0.000,59005.5
3.782,8406.166,27.3122,0.000,59001.6
3.782,8406.364,27.3024,0.000,59004.1
4.282,8406.570,27.3027,40.000,59004.0
4.283,8406.776,27.3356,40.000,58995.5
4.782,8406.974,27.3568,40.000,58990.1
4.782,8407.180,27.2978,40.000,59005.3
5.282,8407.386,27.3322,40.000,58996.4
5.283,8407.584,27.3304,40.000,58996.9
5.283,8407.790,27.2986,40.000,59005.0
5.782,8407.990,27.3369,40.000,58995.2
5.783,8408.196,27.2876,40.000,59007.9
6.282,8408.396,27.3393,40.000,58994.6
6.283,8408.604,27.3141,40.000,59001.1
6.283,8408.806,27.3115,40.000,59001.7
6.782,8409.006,27.3003,40.000,59004.6
6.783,8409.214,27.3069,40.000,59002.9
7.282,8409.410,27.2794,40.000,59010.0
7.283,8409.620,27.3224,40.000,58998.9
7.283,8409.816,27.2983,40.000,59005.1
7.782,8410.026,27.3359,40.000,58995.4
7.783,8410.224,27.3730,40.000,58985.9
8.282,8410.430,27.3203,40.000,58999.5
8.283,8410.636,27.3211,40.000,58999.3
8.283,8410.834,27.3369,40.000,58995.2
8.782,8411.040,27.3327,40.000,58996.3
8.783,8411.240,27.3170,40.000,59000.3
9.282,8411.446,27.3307,40.000,58996.8
9.283,8411.646,27.3730,40.000,58985.9
9.283,8411.854,27.3574,40.000,58990.0
9.782,8412.056,27.3506,40.000,58991.7
9.783,8412.256,27.3623,40.000,58988.7
10.282,8412.464,27.3628,40.000,58988.5
10.283,8412.660,27.3486,40.000,58992.2
10.283,8412.870,27.3734,40.000,58985.8
10.782,8413.066,27.4020,40.000,58978.4
10.783,8413.276,27.3885,40.000,58981.9
11.282,8413.474,27.4201,40.000,58973.7
11.283,8413.680,27.4155,40.000,58975.0
11.782,8413.886,27.4351,40.000,58969.9
11.783,8414.084,27.4184,40.000,58974.2
11.783,8414.290,27.4416,40.000,58968.2
12.286,8414.490,27.4572,40.000,58964.2
12.286,8414.696,27.4578,40.000,58964.0
12.783,8414.896,27.4995,40.000,58953.2
12.783,8415.104,27.4671,40.000,58961.6
12.783,8415.306,27.4935,40.000,58954.8
13.282,8415.506,27.5175,40.000,58948.6
13.283,8415.714,27.5338,40.000,58944.3
13.782,8415.910,27.5537,40.000,58939.2
13.782,8416.120,27.5716,40.000,58934.6
13.782,8416.316,27.5622,40.000,58937.0
14.282,8416.526,27.5989,40.000,58927.5
14.283,8416.724,27.6111,40.000,58924.3
14.782,8416.930,27.6286,40.000,58919.8
14.783,8417.136,27.6626,40.000,58910.9
14.783,8417.334,27.6772,40.000,58907.1
15.282,8417.540,27.6813,40.000,58906.1
15.283,8417.740,27.7150,40.000,58897.3
15.782,8417.946,27.7329,40.000,58892.6
15.782,8418.146,27.7524,40.000,58887.6
15.782,8418.354,27.7565,40.000,58886.5
16.282,8418.556,27.7951,40.000,58876.5
16.283,8418.756,27.8249,40.000,58868.7
16.782,8418.964,27.8563,40.000,58860.5
16.783,8419.160,27.9494,40.000,58836.1
16.783,8419.370,27.9072,40.000,58847.1
17.282,8419.566,27.9298,40.000,58841.2
17.283,8419.776,27.9258,40.000,58842.3
17.782,8419.974,28.0063,40.000,58821.1
17.782,8420.180,28.0150,40.000,58818.9
18.282,8420.386,28.0717,40.000,58804.0
18.283,8420.584,28.0793,40.000,58802.0
18.283,8420.790,28.1006,40.000,58796.4
18.782,8420.990,28.1279,40.000,58789.2
18.783,8421.196,28.1606,40.000,58780.6
19.282,8421.396,28.1741,40.000,58777.0
19.283,8421.604,28.1815,40.000,58775.1
19.283,8421.806,28.2386,40.000,58760.0
19.782,8422.006,28.2876,40.000,58747.1
19.782,8422.214,28.3237,40.000,58737.5
20.282,8422.410,28.3418,40.000,58732.7
20.282,8422.620,28.3984,40.000,58717.7
20.282,8422.816,28.4417,40.000,58706.2
20.782,8423.026,28.4946,40.000,58692.1
20.782,8423.224,28.5322,40.000,58682.1
21.282,8423.430,28.5586,40.000,58675.1
21.282,8423.636,28.5944,40.000,58665.6
21.282,8423.834,28.6208,40.000,58658.5
21.782,8424.040,28.6567,40.000,58648.9
21.783,8424.240,28.6981,40.000,58637.9
22.282,8424.446,28.7313,40.000,58629.0
22.283,8424.646,28.7526,40.000,58623.2
22.283,8424.854,28.7736,40.000,58617.6
22.781,8425.056,28.8480,40.000,58597.7
22.782,8425.256,28.8791,40.000,58589.3
23.282,8425.464,28.8970,40.000,58584.5
23.282,8425.660,28.9762,40.000,58563.1
23.282,8425.870,28.9888,40.000,58559.7
23.782,8426.066,29.0706,40.000,58537.7
23.783,8426.276,29.1108,40.000,58526.8
24.282,8426.474,29.1284,40.000,58522.1
24.283,8426.680,29.1738,40.000,58509.7
24.782,8426.886,29.2393,40.000,58492.0
24.782,8427.084,29.3000,40.000,58475.5
24.782,8427.290,29.3369,40.000,58465.4
25.282,8427.490,29.3815,40.000,58453.3
25.283,8427.696,29.4072,40.000,58446.3
25.782,8427.896,29.4414,40.000,58436.9
25.782,8428.104,29.5373,40.000,58410.7
25.783,8428.306,29.5894,40.000,58396.4
26.282,8428.506,29.5954,40.000,58394.8
26.282,8428.714,29.6579,40.000,58377.6
26.782,8428.910,29.6831,40.000,58370.7
26.783,8429.120,29.7344,40.000,58356.6
26.783,8429.316,29.8100,40.000,58335.8
27.282,8429.526,29.8711,40.000,58318.9
27.282,8429.724,29.8856,40.000,58314.9
27.782,8429.930,29.9394,40.000,58300.1
27.782,8430.136,30.0210,40.000,58277.4
27.782,8430.334,30.0659,40.000,58264.9
28.282,8430.540,30.0903,40.000,58258.2
28.282,8430.740,30.2117,40.000,58224.4
28.782,8430.946,30.1776,40.000,58233.9
28.783,8431.146,30.3048,40.000,58198.4
28.783,8431.354,30.3272,40.000,58192.2
29.282,8431.556,30.3711,40.000,58179.9
29.282,8431.756,30.4359,40.000,58161.7
29.782,8431.964,30.5096,40.000,58141.0
29.783,8432.160,30.6128,40.000,58112.0
29.783,8432.370,30.6069,40.000,58113.7
30.282,8432.566,30.6554,40.000,58100.0
30.282,8432.776,30.7158,40.000,58082.9
30.782,8432.974,30.7913,40.000,58061.6
30.783,8433.180,30.8476,40.000,58045.6
31.282,8433.386,30.9044,40.000,58029.5
31.283,8433.584,30.9389,40.000,58019.7
31.283,8433.790,31.0275,40.000,57994.5
31.782,8433.990,31.0683,40.000,57982.9
31.783,8434.196,31.1328,40.000,57964.5
32.282,8434.396,31.2202,40.000,57939.5
32.283,8434.604,31.2802,40.000,57922.3
32.283,8434.806,31.3265,40.000,57909.0
32.782,8435.006,31.3974,40.000,57888.6
32.782,8435.214,31.4647,40.000,57869.2
33.282,8435.410,31.5008,40.000,57858.8
33.283,8435.620,31.5888,40.000,57833.4
33.283,8435.816,31.6411,40.000,57818.3
33.782,8436.026,31.7134,40.000,57797.3
33.783,8436.224,31.7827,40.000,57777.2
34.282,8436.430,31.8169,40.000,57767.3
34.283,8436.636,31.8540,40.000,57756.5
34.283,8436.834,31.9282,40.000,57734.8
34.782,8437.040,32.0299,40.000,57705.1
34.783,8437.240,32.0898,40.000,57687.6
35.282,8437.446,32.1610,40.000,57666.8
35.283,8437.646,32.2158,40.000,57650.7
35.283,8437.854,32.3201,40.000,57620.0
35.782,8438.056,32.3473,40.000,57612.0
35.782,8438.256,32.4066,40.000,57594.5
36.282,8438.464,32.4923,40.000,57569.1
36.282,8438.660,32.5544,40.000,57550.8
36.282,8438.870,32.6180,40.000,57531.9
36.781,8439.066,32.6745,40.000,57515.1
36.781,8439.276,32.7636,40.000,57488.6
37.282,8439.474,32.8418,40.000,57465.2
37.282,8439.680,32.9114,40.000,57444.5
37.838,8439.886,32.9857,40.000,57422.2
37.838,8440.084,33.0478,40.000,57403.6
37.838,8440.290,33.1089,40.000,57385.3
38.282,8440.494,33.1807,40.000,57363.7
38.283,8440.694,33.2840,40.000,57332.5
38.782,8440.900,33.3776,40.000,57304.2
38.783,8441.100,33.4184,40.000,57291.9
38.783,8441.306,33.4900,40.000,57270.2
39.282,8441.510,33.5576,40.000,57249.7
39.283,8441.710,33.6359,40.000,57225.8
39.782,8441.916,33.7176,40.000,57201.0
39.782,8442.114,33.7917,40.000,57178.3
39.782,8442.320,33.8560,40.000,57158.6
40.282,8442.520,33.9590,40.000,57127.1
40.283,8442.728,34.0371,40.000,57103.1
40.782,8442.930,34.1134,40.000,57079.6
40.783,8443.130,34.1743,40.000,57060.8
40.783,8443.336,34.2329,40.000,57042.7
41.282,8443.536,34.3257,40.000,57014.0
41.282,8443.744,34.3799,40.000,56997.2
41.782,8443.944,34.4761,40.000,56967.3
41.783,8444.150,34.5503,40.000,56944.3
41.783,8444.350,34.6144,40.000,56924.2
42.282,8444.556,34.7288,40.000,56888.5
42.282,8444.760,34.7541,40.000,56880.6
42.782,8444.960,34.8403,40.000,56853.6
42.783,8445.166,34.9326,40.000,56824.6
42.783,8445.364,35.0016,40.000,56802.9
43.282,8445.570,35.0679,40.000,56782.0
43.283,8445.770,35.1794,40.000,56746.8
43.782,8445.978,35.2347,40.000,56729.4
43.783,8446.180,35.3196,40.000,56702.4
44.282,8446.380,35.3690,40.000,56686.7
44.283,8446.586,35.4798,40.000,56651.5
44.283,8446.786,35.5486,40.000,56629.6
44.782,8446.994,35.5959,40.000,56614.5
44.783,8447.194,35.7090,40.000,56578.3
45.282,8447.400,35.7497,40.000,56565.3
45.283,8447.600,35.8667,40.000,56527.7
45.283,8447.806,35.9321,40.000,56506.7
45.782,8448.010,36.0278,40.000,56475.8
45.783,8448.210,36.1028,40.000,56451.7
46.282,8448.416,36.2155,40.000,56415.2
46.283,8448.614,36.2736,40.000,56396.3
46.283,8448.820,36.3475,40.000,56372.4
46.782,8449.020,36.4179,40.000,56349.4
46.783,8449.228,36.5073,40.000,56320.3
47.282,8449.430,36.5740,40.000,56298.5
47.283,8449.630,36.6699,40.000,56267.1
47.283,8449.836,36.7568,40.000,56238.7
47.782,8450.036,36.8390,40.000,56211.7
47.783,8450.244,36.9878,40.000,56162.7
48.282,8450.444,37.0124,40.000,56154.6
48.283,8450.650,37.0986,40.000,56126.0
48.283,8450.850,37.1719,40.000,56101.9
48.782,8451.056,37.2546,40.000,56074.4
48.782,8451.260,37.3501,40.000,56042.7
49.282,8451.460,37.4186,40.000,56019.9
49.283,8451.666,37.5242,40.000,55984.7
49.283,8451.864,37.5552,40.000,55974.4
49.782,8452.070,37.6772,40.000,55933.5
49.783,8452.270,37.7415,40.000,55911.9
50.282,8452.478,37.8226,40.000,55884.7
50.282,8452.680,37.9357,40.000,55846.6
50.782,8452.880,37.9970,40.000,55826.0
50.783,8453.086,38.1079,40.000,55788.5
50.783,8453.286,38.1611,40.000,55770.5
51.282,8453.494,38.2553,40.000,55738.5
51.283,8453.694,38.3343,40.000,55711.7
51.782,8453.900,38.4258,40.000,55680.6
51.783,8454.100,38.5371,40.000,55642.6
51.783,8454.306,38.6219,40.000,55613.6
52.282,8454.510,38.6841,40.000,55592.3
52.283,8454.710,38.7679,40.000,55563.6
52.782,8454.916,38.8569,40.000,55533.0
52.783,8455.114,38.9757,40.000,55492.1
52.783,8455.320,39.0576,40.000,55463.9
53.282,8455.520,39.1484,40.000,55432.4
53.283,8455.728,39.2324,40.000,55403.3
53.782,8455.930,39.3247,40.000,55371.3
53.783,8456.130,39.4172,40.000,55339.2
53.783,8456.336,39.5039,40.000,55309.0
54.282,8456.536,39.5913,40.000,55278.4
54.283,8456.744,39.6976,40.000,55241.3
54.782,8456.944,39.7889,40.000,55209.3
54.783,8457.150,39.8594,40.000,55184.5
54.783,8457.350,39.9629,40.000,55148.1
55.282,8457.556,40.0796,40.000,55107.0
55.283,8457.760,40.1605,40.000,55078.4
55.782,8457.960,40.2358,40.000,55051.8
55.782,8458.166,40.3317,40.000,55017.7
55.782,8458.364,40.4092,40.000,54990.2
56.282,8458.570,40.5018,40.000,54957.2
56.283,8458.770,40.5772,40.000,54930.4
56.782,8458.978,40.6982,40.000,54887.2
56.783,8459.180,40.7939,40.000,54852.8
57.282,8459.380,40.8683,40.000,54826.2
57.283,8459.586,40.9427,40.000,54799.5
57.283,8459.786,41.0417,40.000,54763.8
57.782,8459.994,41.1582,40.000,54721.9
57.783,8460.194,41.2265,40.000,54697.2
58.282,8460.400,41.3229,40.000,54662.3
58.283,8460.600,41.4282,40.000,54624.1
58.283,8460.806,41.5293,40.000,54587.4
58.782,8461.010,41.6009,40.000,54561.3
58.783,8461.210,41.7015,40.000,54524.6
59.282,8461.416,41.8081,40.000,54485.8
59.283,8461.614,41.9007,40.000,54451.8
59.283,8461.820,41.9624,40.000,54429.2
59.782,8462.020,42.0610,40.000,54392.9
59.783,8462.228,42.1689,40.000,54353.2
60.282,8462.430,42.2536,40.000,54322.0
60.283,8462.630,42.3618,40.000,54282.1
60.283,8462.836,42.4422,40.000,54252.3
60.782,8463.036,42.5269,40.000,54220.9
60.782,8463.244,42.6219,40.000,54185.6
61.282,8463.444,42.7329,40.000,54144.3
61.283,8463.650,42.8257,40.000,54109.7
61.283,8463.850,42.9175,40.000,54075.4
61.782,8464.056,43.0272,40.000,54034.3
61.782,8464.260,43.0933,40.000,54009.5
62.282,8464.460,43.1948,40.000,53971.5
62.283,8464.666,43.2802,40.000,53939.3
62.283,8464.864,43.3896,40.000,53898.0
62.782,8465.070,43.4959,40.000,53857.9
62.782,8465.270,43.5859,40.000,53823.8
63.282,8465.478,43.6662,40.000,53793.4
63.282,8465.680,43.7630,40.000,53756.7
63.782,8465.880,43.8613,40.000,53719.2
63.783,8466.086,43.9492,40.000,53685.7
63.783,8466.286,44.0503,40.000,53647.2
64.282,8466.494,44.1626,40.000,53604.3
64.283,8466.694,44.2583,40.000,53567.6
64.782,8466.900,44.3356,40.000,53537.9
64.783,8467.100,44.4430,40.000,53496.6
64.783,8467.304,44.5309,40.000,53462.8
65.282,8467.510,44.6347,40.000,53422.7
65.283,8467.710,44.7257,40.000,53387.6
65.782,8467.916,44.8219,40.000,53350.3
65.782,8468.114,44.9363,40.000,53305.9
65.782,8468.320,45.0107,40.000,53277.0
66.282,8468.520,45.1250,40.000,53232.5
66.283,8468.728,45.1953,40.000,53205.1
66.782,8468.930,45.2778,40.000,53172.9
66.783,8469.130,45.3984,40.000,53125.7
66.783,8469.336,45.5024,40.000,53085.0
67.282,8469.536,45.6089,40.000,53043.2
67.282,8469.744,45.6968,40.000,53008.6
67.782,8469.944,45.7886,40.000,52972.4
67.782,8470.150,45.8955,40.000,52930.2
67.782,8470.350,45.9936,40.000,52891.4
68.282,8470.554,46.0947,40.000,52851.4
68.283,8470.760,46.1784,40.000,52818.2
68.782,8470.960,46.2965,40.000,52771.2
68.783,8471.166,46.3799,40.000,52738.0
68.783,8471.364,46.4834,40.000,52696.7
69.282,8471.570,46.5760,40.000,52659.7
69.283,8471.770,46.6812,40.000,52617.7
69.781,8471.978,46.7881,40.000,52574.9
69.782,8472.180,46.8756,40.000,52539.7
70.282,8472.380,46.9645,40.000,52503.9
70.283,8472.586,47.0762,40.000,52459.0
70.283,8472.786,47.1761,40.000,52418.6
70.782,8472.994,47.2734,40.000,52379.2
70.783,8473.194,47.3874,40.000,52333.2
71.282,8473.400,47.4870,40.000,52292.7
71.283,8473.600,47.5737,40.000,52257.5
71.283,8473.804,47.6658,40.000,52220.1
71.782,8474.010,47.7637,40.000,52180.2
71.782,8474.210,47.8481,40.000,52145.7
72.282,8474.416,47.9635,40.000,52098.5
72.283,8474.614,48.0581,40.000,52059.8
72.283,8474.820,48.1748,40.000,52012.0
72.782,8475.020,48.2677,40.000,51973.8
72.782,8475.228,48.3725,40.000,51930.6
73.282,8475.430,48.4549,40.000,51896.6
73.283,8475.630,48.5643,40.000,51851.6
73.283,8475.836,48.6828,40.000,51802.5
73.782,8476.036,48.7790,40.000,51762.6
73.783,8476.244,48.8808,40.000,51720.4
74.282,8476.444,48.9707,40.000,51683.1
74.283,8476.650,49.0710,40.000,51641.3
74.283,8476.850,49.2043,40.000,51585.8
74.782,8477.056,49.2931,40.000,51548.6
74.783,8477.260,49.3815,40.000,51511.6
75.282,8477.460,49.4702,40.000,51474.5
75.283,8477.666,49.5659,40.000,51434.4
75.283,8477.864,49.6767,40.000,51387.8
75.782,8478.070,49.7741,40.000,51346.8
75.783,8478.270,49.9360,40.000,51278.6
76.282,8478.478,49.9984,40.000,51252.2
76.283,8478.680,50.1059,40.000,51206.8
76.782,8478.880,50.1994,40.000,51167.2
76.783,8479.086,50.3052,40.000,51122.3
76.783,8479.286,50.4175,40.000,51074.6
77.282,8479.494,50.5187,40.000,51031.5
77.283,8479.694,50.6170,40.000,50989.6
77.782,8479.900,50.7223,40.000,50944.7
77.783,8480.100,50.8260,40.000,50900.4
77.783,8480.304,50.9287,40.000,50856.4
78.282,8480.510,51.0273,40.000,50814.1
78.283,8480.710,51.1206,40.000,50774.1
78.782,8480.916,51.2272,40.000,50728.2
78.783,8481.114,51.3395,40.000,50679.9
78.783,8481.320,51.4248,40.000,50643.1
79.282,8481.520,51.5260,40.000,50599.4
79.282,8481.728,51.6434,40.000,50548.6
79.782,8481.930,51.7443,40.000,50505.0
79.783,8482.130,51.8333,40.000,50466.4
79.783,8482.336,51.9500,40.000,50415.6
80.282,8482.536,52.0371,40.000,50377.7
80.283,8482.740,52.1382,40.000,50333.7
80.782,8482.944,52.2544,40.000,50283.1
80.783,8483.150,52.3483,40.000,50242.0
80.783,8483.354,52.4899,40.000,50180.0
81.282,8483.554,52.5617,40.000,50148.6
81.282,8483.760,52.6699,40.000,50101.2
81.782,8483.960,52.7477,40.000,50067.0
81.783,8484.166,52.8599,40.000,50017.7
81.783,8484.364,52.9778,40.000,49965.6
82.282,8484.570,53.0864,40.000,49917.7
82.283,8484.770,53.1582,40.000,49886.0
82.782,8484.974,53.2850,40.000,49830.0
82.783,8485.180,53.3647,40.000,49794.7
83.282,8485.380,53.4915,40.000,49738.4
83.282,8485.586,53.6033,40.000,49688.8
83.282,8485.786,53.6870,40.000,49651.5
83.782,8485.990,53.7886,40.000,49606.4
83.783,8486.194,53.9394,40.000,49539.1
84.297,8486.400,54.0059,40.000,49509.4
84.297,8486.604,54.0579,40.000,49486.2
84.297,8486.804,54.2060,40.000,49419.9
84.782,8487.010,54.3218,40.000,49368.0
84.783,8487.210,54.3992,40.000,49333.2
85.282,8487.416,54.5264,40.000,49276.1
85.283,8487.614,54.6260,40.000,49231.3
85.283,8487.820,54.7456,40.000,49177.3
85.782,8488.020,54.8589,40.000,49126.2
85.783,8488.224,54.9699,40.000,49076.0
86.282,8488.430,55.0706,40.000,49030.5
86.283,8488.630,55.1806,40.000,48980.6
86.283,8488.836,55.2685,40.000,48940.8
86.781,8489.036,55.3625,40.000,48898.1
86.782,8489.240,55.4643,15.000,48851.8
87.282,8489.446,55.5811,15.000,48798.6
87.283,8489.646,55.6875,15.000,48750.2
87.283,8489.854,55.7923,15.000,48702.3
87.782,8490.056,55.8872,15.000,48658.9
87.782,8490.256,56.0107,15.000,48602.5
88.282,8490.464,56.0874,15.000,48567.4
88.283,8490.660,56.1930,15.000,48518.9
88.283,8490.870,56.3245,15.000,48458.5
88.782,8491.066,56.4211,15.000,48414.1
88.782,8491.276,56.5322,15.000,48363.0
89.282,8491.474,56.6320,15.000,48317.0
89.282,8491.676,56.7381,15.000,48268.1
89.782,8491.886,56.8335,15.000,48224.0
89.783,8492.084,56.9434,15.000,48173.2
89.783,8492.290,57.0434,15.000,48126.9
90.281,8492.490,57.1509,15.000,48077.1
90.282,8492.696,57.2000,15.000,48054.3
90.782,8492.896,57.3621,15.000,47979.0
90.783,8493.104,57.4587,15.000,47934.1
90.783,8493.306,57.5407,15.000,47895.9
91.282,8493.506,57.6645,15.000,47838.3
91.282,8493.714,57.7612,15.000,47793.1
91.782,8493.910,57.8730,15.000,47740.9
91.783,8494.120,57.9818,15.000,47690.1
91.783,8494.316,58.0775,15.000,47645.3
92.282,8494.526,58.1616,15.000,47606.0
92.283,8494.724,58.2700,15.000,47555.0
92.782,8494.926,58.3730,15.000,47506.7
92.783,8495.136,58.4787,15.000,47457.0
92.783,8495.334,58.5807,15.000,47409.0
93.282,8495.540,58.6854,15.000,47359.8
93.283,8495.740,58.7871,15.000,47311.7
93.782,8495.946,58.8784,15.000,47268.7
93.783,8496.146,58.9946,15.000,47213.8
93.783,8496.354,59.1314,15.000,47149.1
94.282,8496.556,59.1769,15.000,47127.6
94.282,8496.756,59.2993,15.000,47069.7
94.782,8496.964,59.3970,15.000,47023.2
94.783,8497.160,59.5019,15.000,46973.5
94.783,8497.370,59.5991,15.000,46927.2
95.282,8497.566,59.6844,15.000,46886.7
95.282,8497.776,59.7876,15.000,46837.6
95.782,8497.974,59.8976,15.000,46785.2
95.782,8498.176,59.9928,15.000,46739.7
96.282,8498.386,60.0858,15.000,46695.4
96.283,8498.584,60.1880,15.000,46646.6
96.283,8498.786,60.2700,15.000,46607.4
96.782,8498.990,60.3763,15.000,46556.5
96.783,8499.196,60.4666,15.000,46513.3
97.282,8499.400,60.5706,15.000,46463.4
97.283,8499.600,60.6531,15.000,46423.9
97.283,8499.806,60.7354,15.000,46384.4
97.782,8500.006,60.8323,15.000,46337.8
97.783,8500.210,60.9331,15.000,46289.3
98.282,8500.416,61.0039,15.000,46255.2
98.283,8500.614,61.1160,15.000,46201.2
98.283,8500.816,61.2444,15.000,46139.4
98.782,8501.020,61.3069,15.000,46109.2
98.783,8501.228,61.3987,15.000,46064.8
99.282,8501.426,61.4930,15.000,46019.3
99.282,8501.636,61.5864,15.000,45974.1
99.282,8501.836,61.6856,15.000,45926.1
99.782,8502.036,61.7690,15.000,45885.7
99.783,8502.240,61.8611,15.000,45841.1
100.282,8502.444,61.9492,15.000,45798.3
100.283,8502.650,62.0415,15.000,45753.6
100.283,8502.850,62.1186,15.000,45716.2
100.782,8503.056,62.2041,15.000,45674.5
100.783,8503.260,62.3214,15.000,45617.5
101.282,8503.460,62.3800,15.000,45589.0
101.283,8503.666,62.4616,15.000,45549.2
101.283,8503.864,62.5547,15.000,45503.9
101.782,8504.070,62.6559,15.000,45454.5
101.782,8504.270,62.7554,15.000,45406.1
102.282,8504.478,62.8286,15.000,45370.2
102.282,8504.676,62.9093,15.000,45330.8
102.782,8504.880,62.9858,15.000,45293.3
102.783,8505.086,63.0791,15.000,45247.8
102.783,8505.286,63.1672,15.000,45204.6
103.282,8505.494,63.2633,15.000,45157.5
103.283,8505.694,63.3506,15.000,45114.7
103.782,8505.900,63.4391,15.000,45071.4
103.783,8506.100,63.5097,15.000,45036.7
103.783,8506.306,63.5862,15.000,44999.1
104.282,8506.510,63.6509,15.000,44967.3
104.282,8506.710,63.7938,15.000,44897.1
104.782,8506.916,63.8359,15.000,44876.4
104.783,8507.114,63.9228,15.000,44833.5
104.783,8507.320,64.0044,15.000,44793.5
105.282,8507.520,64.0924,15.000,44750.0
105.283,8507.728,64.1621,15.000,44715.6
105.782,8507.926,64.2194,15.000,44687.4
105.783,8508.130,64.3221,15.000,44636.7
105.783,8508.336,64.4175,15.000,44589.6
106.282,8508.536,64.4624,15.000,44567.5
106.283,8508.744,64.5742,15.000,44512.2
106.782,8508.944,64.6549,15.000,44472.2
106.783,8509.150,64.7284,15.000,44435.9
106.783,8509.350,64.8219,15.000,44389.5
107.282,8509.556,64.8929,15.000,44354.4
107.283,8509.760,65.0200,15.000,44291.4
107.782,8509.960,65.0532,15.000,44275.0
107.783,8510.166,65.1177,15.000,44242.9
107.783,8510.364,65.2067,15.000,44198.7
108.282,8510.570,65.2908,15.000,44157.0
108.283,8510.770,65.3618,15.000,44121.7
108.782,8510.978,65.4492,15.000,44078.2
108.783,8511.176,65.5234,15.000,44041.4
109.282,8511.380,65.5815,15.000,44012.4
109.282,8511.586,65.6553,15.000,43975.7
109.282,8511.786,65.7310,15.000,43938.1
109.782,8511.990,65.8198,15.000,43893.8
109.783,8512.194,65.8983,15.000,43854.7
110.282,8512.400,65.9666,15.000,43820.6
110.283,8512.600,66.0464,15.000,43780.8
110.283,8512.806,66.1260,15.000,43741.0
110.781,8513.010,66.1971,15.000,43705.6
110.782,8513.210,66.2663,15.000,43671.0
111.282,8513.416,66.3192,15.000,43644.7
111.283,8513.614,66.4277,15.000,43590.4
111.283,8513.820,66.4907,15.000,43558.8
111.782,8514.020,66.5786,15.000,43514.9
111.783,8514.228,66.6383,15.000,43484.9
112.282,8514.426,66.7078,15.000,43450.2
112.283,8514.630,66.7951,15.000,43406.5
112.283,8514.836,66.8545,15.000,43376.8
112.782,8515.036,66.9474,15.000,43330.1
112.783,8515.240,67.0186,15.000,43294.5
113.282,8515.444,67.0677,15.000,43269.8
113.283,8515.650,67.1585,15.000,43224.2
113.283,8515.850,67.2080,15.000,43199.4
113.782,8516.056,67.2830,15.000,43161.7
113.783,8516.256,67.3656,15.000,43120.2
114.282,8516.460,67.4409,15.000,43082.5
114.283,8516.666,67.5042,15.000,43050.6
114.283,8516.864,67.5555,15.000,43024.8
114.782,8517.070,67.6444,15.000,42980.1
114.783,8517.270,67.7163,15.000,42943.9
115.282,8517.478,67.8073,15.000,42898.1
115.283,8517.676,67.9173,15.000,42842.7
115.782,8517.880,67.9463,15.000,42828.2
115.783,8518.086,68.0031,15.000,42799.5
115.783,8518.286,68.0649,15.000,42768.3
116.282,8518.494,68.1370,15.000,42732.0
116.283,8518.694,68.2104,15.000,42694.9
116.782,8518.900,68.2907,15.000,42654.5
116.782,8519.100,68.3460,15.000,42626.5
116.783,8519.306,68.4154,15.000,42591.5
117.282,8519.510,68.4924,15.000,42552.6
117.283,8519.710,68.5483,15.000,42524.5
117.782,8519.916,68.6016,15.000,42497.6
117.783,8520.114,68.6740,15.000,42460.9
117.783,8520.320,68.7456,15.000,42424.7
118.282,8520.520,68.8081,15.000,42393.1
118.282,8520.728,68.8810,15.000,42356.2
118.782,8520.926,68.9560,15.000,42318.3
118.783,8521.130,69.0166,15.000,42287.6
118.783,8521.336,69.0848,15.000,42253.1
119.282,8521.536,69.1569,15.000,42216.6
119.283,8521.744,69.2069,15.000,42191.3
119.782,8521.944,69.2679,15.000,42160.4
119.783,8522.150,69.3301,15.000,42128.9
119.783,8522.350,69.3948,15.000,42096.1
120.282,8522.556,69.4674,15.000,42059.2
120.283,8522.760,69.5172,15.000,42034.0
120.782,8522.960,69.5936,15.000,41995.3
120.783,8523.166,69.6393,15.000,41972.1
120.783,8523.364,69.7168,15.000,41932.8
121.282,8523.570,69.7760,15.000,41902.7
121.283,8523.770,69.8312,15.000,41874.6
121.782,8523.978,69.9128,15.000,41833.3
121.783,8524.176,69.9762,15.000,41801.1
122.282,8524.380,70.0272,15.000,41775.3
122.283,8524.586,70.1112,15.000,41732.6
122.283,8524.786,70.1312,15.000,41722.4
122.782,8524.994,70.2010,15.000,41686.9
122.783,8525.194,70.2658,15.000,41653.9
123.282,8525.400,70.3301,15.000,41621.3
123.283,8525.600,70.4038,15.000,41583.8
123.283,8525.806,70.4572,15.000,41556.6
123.782,8526.010,70.5156,15.000,41526.9
123.783,8526.210,70.5749,15.000,41496.7
124.282,8526.416,70.6134,15.000,41477.1
124.282,8526.614,70.6785,15.000,41444.0
124.282,8526.820,70.7559,15.000,41404.6
124.782,8527.020,70.8076,15.000,41378.3
124.783,8527.228,70.8656,15.000,41348.8
125.282,8527.426,70.9350,15.000,41313.4
125.283,8527.630,70.9717,15.000,41294.7
125.283,8527.836,71.0506,15.000,41254.5
125.782,8528.036,71.1126,15.000,41222.9
125.782,8528.240,71.1600,15.000,41198.7
126.282,8528.444,71.2179,15.000,41169.2
126.283,8528.650,71.2710,15.000,41142.2
126.283,8528.850,71.3218,15.000,41116.1
126.781,8529.056,71.3713,15.000,41091.0
126.782,8529.256,71.4518,15.000,41049.9
127.282,8529.460,71.4985,15.000,41026.0
127.283,8529.666,71.5726,15.000,40988.3
127.283,8529.864,71.6675,15.000,40939.9
127.782,8530.070,71.7484,15.000,40898.6
127.783,8530.270,71.8188,15.000,40862.6
128.282,8530.478,71.8719,15.000,40835.4
128.283,8530.676,71.9238,15.000,40808.9
128.782,8530.880,71.9853,15.000,40777.6
128.782,8531.086,72.0737,15.000,40732.4
128.783,8531.286,72.1162,15.000,40710.7
129.282,8531.494,72.1450,15.000,40695.9
129.283,8531.694,72.1909,15.000,40672.5
129.782,8531.900,72.2531,15.000,40640.7
129.783,8532.100,72.3161,15.000,40608.5
129.783,8532.306,72.3538,15.000,40589.2
130.282,8532.510,72.4245,15.000,40553.1
130.283,8532.710,72.4863,15.000,40521.4
130.782,8532.916,72.5425,15.000,40492.8
130.783,8533.114,72.5806,15.000,40473.2
130.783,8533.320,72.6239,15.000,40451.1
131.282,8533.520,72.6771,15.000,40424.0
131.283,8533.728,72.7327,15.000,40395.4
131.782,8533.926,72.7891,15.000,40366.6
131.783,8534.130,72.8447,15.000,40338.1
131.783,8534.336,72.8971,15.000,40311.3
132.282,8534.536,72.9482,15.000,40285.2
132.283,8534.744,73.0112,15.000,40253.0
132.782,8534.944,73.0586,15.000,40228.7
132.782,8535.150,73.1081,15.000,40203.2
132.782,8535.350,73.1654,15.000,40174.0
133.282,8535.556,73.2176,15.000,40147.2
133.283,8535.760,73.2601,15.000,40125.5
133.782,8535.960,73.3107,15.000,40099.6
133.783,8536.166,73.3470,15.000,40081.0
133.783,8536.364,73.4131,15.000,40047.2
134.282,8536.570,73.4784,15.000,40013.7
134.283,8536.770,73.5064,15.000,39999.4
134.782,8536.978,73.5804,15.000,39961.4
134.783,8537.176,73.6261,15.000,39938.0
135.282,8537.380,73.6611,15.000,39920.1
135.283,8537.586,73.7005,15.000,39899.9
135.283,8537.786,73.7624,15.000,39868.1
135.782,8537.994,73.8106,15.000,39843.5
135.782,8538.194,73.8589,15.000,39818.7
136.282,8538.400,73.9216,15.000,39786.6
136.282,8538.600,73.9681,15.000,39762.8
136.282,8538.806,74.0064,15.000,39743.1
136.782,8539.010,74.0239,15.000,39734.1
136.782,8539.210,74.1186,15.000,39685.6
137.282,8539.416,74.1323,15.000,39678.5
137.283,8539.614,74.1929,15.000,39647.4
137.283,8539.820,74.2456,15.000,39620.4
137.782,8540.020,74.3094,15.000,39587.7
137.782,8540.228,74.3467,15.000,39568.6
138.282,8540.426,74.3960,15.000,39543.2
138.283,8540.630,74.4468,15.000,39517.3
138.283,8540.836,74.4863,15.000,39497.0
138.782,8541.036,74.5418,15.000,39468.6
138.783,8541.244,74.5929,15.000,39442.3
139.282,8541.444,74.6309,15.000,39422.8
139.282,8541.650,74.6816,15.000,39396.8
139.282,8541.850,74.7139,15.000,39380.3
139.782,8542.056,74.7806,15.000,39346.1
139.782,8542.260,74.8125,15.000,39329.6
140.282,8542.460,74.8672,15.000,39301.6
140.283,8542.666,74.9189,0.000,39275.0
140.283,8542.864,74.9624,0.000,39252.7
140.782,8543.070,74.9907,0.000,39238.3
140.783,8543.270,75.0418,0.000,39212.0
141.282,8543.474,75.0946,0.000,39184.9
141.282,8543.680,75.1369,0.000,39163.2
141.782,8543.880,75.1904,0.000,39135.8
141.782,8544.086,75.2350,0.000,39112.9
141.782,8544.286,75.2742,0.000,39092.7
142.282,8544.490,75.3280,0.000,39065.2
142.283,8544.694,75.3727,0.000,39042.2
142.782,8544.896,75.4150,0.000,39020.5
142.783,8545.104,75.4523,0.000,39001.3
142.783,8545.304,75.5011,0.000,38976.3
143.282,8545.510,75.5464,0.000,38953.0
143.283,8545.710,75.5955,0.000,38927.8
143.782,8545.916,75.6294,0.000,38910.5
143.783,8546.114,75.6943,0.000,38877.1
143.783,8546.320,75.7210,0.000,38863.4
144.282,8546.520,75.7734,0.000,38836.5
144.283,8546.724,75.8221,0.000,38811.6
144.782,8546.930,75.8633,0.000,38790.3
144.783,8547.130,75.8963,0.000,38773.5
144.783,8547.336,75.9477,0.000,38747.1
145.282,8547.536,75.9780,0.000,38731.5
145.283,8547.740,76.0298,0.000,38704.9
145.782,8547.944,76.0801,0.000,38679.0
145.783,8548.150,76.1196,0.000,38658.8
145.783,8548.354,76.1621,0.000,38636.9
146.282,8548.554,76.1894,0.000,38623.0
146.283,8548.760,76.2358,0.000,38599.0
146.782,8548.960,76.2726,0.000,38580.2
146.783,8549.160,76.3071,0.000,38562.6
146.783,8549.364,76.3590,0.000,38535.9
147.282,8549.570,76.3877,0.000,38521.2
147.283,8549.776,76.4184,0.000,38505.4
147.782,8549.974,76.4757,0.000,38476.0
147.783,8550.180,76.5104,0.000,38458.2
148.282,8550.380,76.5480,0.000,38438.9
148.283,8550.586,76.5848,0.000,38420.0
148.283,8550.786,76.6250,0.000,38399.3
148.782,8550.990,76.6507,0.000,38386.1
148.783,8551.194,76.6842,0.000,38369.0
149.282,8551.400,76.7215,0.000,38349.8
149.283,8551.604,76.7627,0.000,38328.7
149.283,8551.804,76.8016,0.000,38308.7
149.782,8552.010,76.8257,0.000,38296.4
149.783,8552.210,76.8527,0.000,38282.4
150.282,8552.410,76.9040,0.000,38256.1
150.282,8552.614,76.9186,0.000,38248.6
150.282,8552.820,76.9717,0.000,38221.3
150.782,8553.026,76.9992,0.000,38207.2
150.783,8553.224,77.0381,0.000,38187.2
151.282,8553.430,77.0705,0.000,38170.7
151.282,8553.630,77.1035,0.000,38153.7
151.282,8553.836,77.1235,0.000,38143.4
151.782,8554.036,77.1577,0.000,38125.9
151.783,8554.240,77.1911,0.000,38108.8
152.282,8554.444,77.2093,0.000,38099.5
152.282,8554.650,77.2458,0.000,38080.7
152.282,8554.854,77.2861,0.000,38060.0
152.782,8555.054,77.3162,0.000,38044.5
152.783,8555.260,77.3418,0.000,38031.4
153.282,8555.460,77.3745,0.000,38014.6
153.283,8555.660,77.3986,0.000,38002.3
153.283,8555.864,77.4394,0.000,37981.2
153.782,8556.070,77.4556,0.000,37973.1
153.783,8556.276,77.4806,0.000,37960.2
154.282,8556.474,77.5120,0.000,37944.0
154.283,8556.680,77.5394,0.000,37930.0
154.782,8556.880,77.5537,0.000,37922.8
154.783,8557.086,77.6019,0.000,37897.9
154.783,8557.286,77.6081,0.000,37894.7
155.282,8557.490,77.6418,0.000,37877.5
155.283,8557.694,77.6691,0.000,37863.5
155.782,8557.900,77.6953,0.000,37850.1
155.782,8558.104,77.7148,0.000,37840.0
155.782,8558.304,77.7306,0.000,37831.8
156.282,8558.510,77.7697,0.000,37811.8
156.283,8558.710,77.7923,0.000,37800.2
156.782,8558.916,77.8144,0.000,37788.8
156.783,8559.114,77.8429,0.000,37774.3
156.783,8559.320,77.8553,0.000,37767.9
157.282,8559.520,77.8921,0.000,37749.1
157.283,8559.724,77.9124,0.000,37738.6
157.782,8559.930,77.9365,0.000,37726.3
157.783,8560.130,77.9443,0.000,37722.2
157.783,8560.336,77.9780,0.000,37705.1
158.282,8560.536,77.9972,0.000,37695.1
158.283,8560.740,78.0166,0.000,37685.2
158.782,8560.944,78.0308,0.000,37677.9
158.782,8561.150,78.0623,0.000,37661.8
158.782,8561.350,78.0794,0.000,37653.0
159.281,8561.554,78.1084,0.000,37638.1
159.282,8561.760,78.1092,0.000,37637.7
159.782,8561.960,78.1266,0.000,37628.8
159.783,8562.166,78.1662,0.000,37608.5
159.783,8562.364,78.1764,0.000,37603.2
160.282,8562.570,78.1956,0.000,37593.3
160.283,8562.770,78.2256,0.000,37578.0
160.782,8562.978,78.2392,0.000,37571.0
160.783,8563.180,78.2633,0.000,37558.6
161.282,8563.380,78.2790,0.000,37550.6
161.283,8563.586,78.3005,0.000,37539.5
161.283,8563.786,78.3130,0.000,37533.1
161.782,8563.994,78.3312,0.000,37523.8
161.783,8564.194,78.3467,0.000,37515.9
162.282,8564.400,78.3642,0.000,37507.0
162.283,8564.600,78.3817,0.000,37497.9
162.283,8564.804,78.3898,0.000,37493.8
162.782,8565.010,78.4074,0.000,37484.7
162.783,8565.210,78.4180,0.000,37479.4
163.282,8565.416,78.4437,0.000,37466.2
163.283,8565.614,78.4635,0.000,37455.9
163.283,8565.820,78.4751,0.000,37450.0
163.782,8566.020,78.4980,0.000,37438.2
163.783,8566.228,78.4932,0.000,37440.7
164.282,8566.430,78.5156,0.000,37429.3
164.283,8566.630,78.5387,0.000,37417.4
164.283,8566.836,78.5496,0.000,37411.8
164.782,8567.036,78.5597,0.000,37406.6
164.783,8567.244,78.5716,0.000,37400.6
165.282,8567.444,78.5825,0.000,37394.9
165.283,8567.650,78.6016,0.000,37385.2
165.283,8567.850,78.6084,0.000,37381.6
165.782,8568.054,78.6074,0.000,37382.2
165.783,8568.260,78.6208,0.000,37375.4
166.282,8568.460,78.6440,0.000,37363.5
166.283,8568.666,78.6564,0.000,37357.0
166.283,8568.864,78.6650,0.000,37352.6
166.781,8569.070,78.6849,0.000,37342.5
166.782,8569.270,78.6867,0.000,37341.6
167.282,8569.478,78.6987,0.000,37335.4
167.282,8569.680,78.7109,0.000,37329.2
167.782,8569.880,78.7264,0.000,37321.2
167.783,8570.086,78.7316,0.000,37318.5
167.783,8570.286,78.7412,0.000,37313.6
168.282,8570.494,78.7558,0.000,37306.1
168.283,8570.694,78.7489,0.000,37309.8
168.782,8570.900,78.7749,0.000,37296.4
168.783,8571.100,78.7897,0.000,37288.7
168.783,8571.304,78.7896,0.000,37288.8
169.281,8571.510,78.7969,0.000,37285.0
169.282,8571.710,78.8122,0.000,37277.2
169.782,8571.916,78.8101,0.000,37278.3
169.783,8572.114,78.8306,0.000,37267.8
169.783,8572.320,78.8198,0.000,37273.3
170.282,8572.520,78.8364,0.000,37264.8
170.283,8572.728,78.8555,0.000,37255.0
170.782,8572.930,78.8589,0.000,37253.3
170.783,8573.130,78.8644,0.000,37250.4
170.783,8573.336,78.8618,0.000,37251.8
171.282,8573.536,78.8962,0.000,37234.2
171.283,8573.744,78.8906,0.000,37237.0
171.782,8573.944,78.8896,0.000,37237.6
171.782,8574.150,78.9032,0.000,37230.6
171.782,8574.350,78.8978,0.000,37233.4
172.282,8574.554,78.9095,0.000,37227.4
172.283,8574.760,78.9206,0.000,37221.7
172.782,8574.960,78.9119,0.000,37226.1
172.783,8575.166,78.9214,0.000,37221.3
172.783,8575.364,78.9331,0.000,37215.2
173.282,8575.570,78.9461,0.000,37208.6
173.283,8575.770,78.9458,0.000,37208.7
173.782,8575.978,78.9438,0.000,37209.8
173.783,8576.180,78.9575,0.000,37202.8
174.282,8576.380,78.9601,0.000,37201.4
174.283,8576.586,78.9546,0.000,37204.2
174.283,8576.786,78.9772,0.000,37192.6
174.782,8576.994,78.9595,0.000,37201.8
174.783,8577.194,78.9889,0.000,37186.6
175.282,8577.400,78.9834,0.000,37189.5
175.283,8577.600,78.9762,0.000,37193.2
175.283,8577.806,78.9793,0.000,37191.6
175.782,8578.010,78.9847,0.000,37188.8
175.782,8578.210,78.9886,0.000,37186.8
176.282,8578.416,78.9912,0.000,37185.4
176.283,8578.614,78.9917,0.000,37185.2
176.283,8578.820,78.9980,0.000,37182.1
176.782,8579.020,79.0028,0.000,37179.6
176.783,8579.228,78.9982,0.000,37181.9
177.282,8579.430,78.9951,0.000,37183.5
177.282,8579.630,78.9844,0.000,37189.0
177.282,8579.836,79.0060,0.000,37177.9
177.782,8580.036,78.9886,0.000,37186.8
177.782,8580.244,78.9974,0.000,37182.4
178.282,8580.444,79.0060,0.000,37177.9
178.283,8580.650,79.0024,0.000,37179.7
178.283,8580.850,79.0090,0.000,37176.4
178.782,8581.054,78.9904,0.000,37185.9
178.783,8581.260,79.0083,0.000,37176.7
179.282,8581.460,78.9909,0.000,37185.7
179.283,8581.666,79.0005,0.000,37180.8
179.283,8581.864,79.0029,0.000,37179.4
179.782,8582.070,79.0037,0.000,37179.1
179.783,8582.270,79.0067,0.000,37177.6
180.282,8582.478,79.0067,0.000,37177.5
180.282,8582.680,78.9982,0.000,37181.9
180.781,8582.880,78.9892,0.000,37186.5
180.782,8583.086,78.9868,0.000,37187.7
180.782,8583.286,78.9746,0.000,37193.9
181.282,8583.494,78.9912,0.000,37185.5
181.282,8583.694,78.9785,0.000,37192.0
181.781,8583.900,78.9842,0.000,37189.1
181.781,8584.100,78.9741,0.000,37194.2
181.781,8584.304,78.9731,0.000,37194.8
182.282,8584.510,78.9705,0.000,37196.1
182.282,8584.710,78.9700,0.000,37196.4
182.782,8584.916,78.9663,0.000,37198.3
182.783,8585.114,78.9541,0.000,37204.5
182.783,8585.320,78.9580,0.000,37202.5
183.282,8585.520,78.9453,0.000,37209.0
183.282,8585.728,78.9521,0.000,37205.6
183.782,8585.930,78.9350,0.000,37214.3
183.783,8586.130,78.9434,0.000,37210.1
183.783,8586.336,78.9533,0.000,37205.0
184.282,8586.536,78.9316,0.000,37216.0
184.282,8586.744,78.9375,0.000,37213.0
184.782,8586.944,78.9281,0.000,37217.8
184.783,8587.150,78.9276,0.000,37218.1
184.783,8587.350,78.9243,0.000,37219.7
185.282,8587.554,78.9165,0.000,37223.8
185.283,8587.760,78.9136,0.000,37225.3
185.782,8587.960,78.9015,0.000,37231.4
185.782,8588.166,78.9033,0.000,37230.5
185.783,8588.364,78.9010,0.000,37231.7
186.282,8588.570,78.8882,0.000,37238.2
186.283,8588.770,78.8778,0.000,37243.7
186.782,8588.978,78.8682,0.000,37248.5
186.782,8589.180,78.8592,0.000,37253.1
187.282,8589.380,78.8696,0.000,37247.8
187.282,8589.586,78.8490,0.000,37258.4
187.283,8589.786,78.8472,0.000,37259.4
187.782,8589.994,78.8403,0.000,37262.9
187.783,8590.194,78.8382,0.000,37263.9
188.282,8590.400,78.8278,0.000,37269.2
188.282,8590.600,78.8296,0.000,37268.2
188.282,8590.806,78.8107,0.000,37277.9
188.781,8591.010,78.8122,0.000,37277.3
188.782,8591.210,78.7962,0.000,37285.4
189.282,8591.416,78.7974,0.000,37284.9
189.283,8591.614,78.7861,0.000,37290.6
189.283,8591.820,78.7705,0.000,37298.5
189.782,8592.020,78.7611,0.000,37303.4
189.783,8592.228,78.7596,0.000,37304.2
190.282,8592.430,78.7407,0.000,37313.8
190.283,8592.630,78.7485,0.000,37309.9
190.283,8592.836,78.7388,0.000,37314.8
190.782,8593.036,78.7358,0.000,37316.4
190.783,8593.244,78.7240,0.000,37322.5
191.282,8593.444,78.7060,0.000,37331.7
191.283,8593.650,78.7012,0.000,37334.2
191.283,8593.850,78.6909,0.000,37339.4
191.782,8594.056,78.6850,0.000,37342.4
191.782,8594.260,78.6787,0.000,37345.7
192.282,8594.460,78.6616,0.000,37354.4
192.283,8594.666,78.6535,0.000,37358.6
192.283,8594.864,78.6419,0.000,37364.4
192.782,8595.070,78.6240,0.000,37373.7
192.783,8595.270,78.6323,0.000,37369.4
193.282,8595.478,78.6139,0.000,37378.8
193.282,8595.680,78.6029,0.000,37384.5
193.782,8595.880,78.5900,0.000,37391.1
193.783,8596.086,78.5835,0.000,37394.6
193.783,8596.286,78.5775,0.000,37397.5
194.282,8596.494,78.5622,0.000,37405.4
194.282,8596.694,78.5586,0.000,37407.2
194.782,8596.900,78.5278,0.000,37423.0
194.782,8597.100,78.5181,0.000,37428.1
194.782,8597.306,78.5194,0.000,37427.4
195.282,8597.510,78.5116,0.000,37431.4
195.283,8597.710,78.4902,0.000,37442.2
195.782,8597.916,78.4849,0.000,37445.0
195.783,8598.114,78.4806,0.000,37447.2
195.783,8598.320,78.4460,0.000,37465.0
196.282,8598.520,78.4360,0.000,37470.0
196.282,8598.728,78.4316,0.000,37472.3
196.782,8598.930,78.4082,0.000,37484.3
196.782,8599.130,78.4145,0.000,37481.1
196.783,8599.336,78.3880,0.000,37494.7
197.282,8599.536,78.3874,0.000,37495.0
197.283,8599.744,78.3747,0.000,37501.5
197.782,8599.944,78.3636,0.000,37507.2
197.782,8600.150,78.3280,0.000,37525.5
197.783,8600.350,78.3367,0.000,37521.0
198.282,8600.556,78.3057,0.000,37537.0
198.282,8600.760,78.3096,0.000,37534.9
198.782,8600.960,78.2928,0.000,37543.5
198.782,8601.166,78.2739,0.000,37553.2
198.782,8601.364,78.2598,0.000,37560.4
199.281,8601.570,78.2459,0.000,37567.6
199.281,8601.770,78.2300,0.000,37575.7
199.782,8601.978,78.2207,0.000,37580.5
199.783,8602.180,78.2031,0.000,37589.5
